{"cameraMode":{"drawMode":0,"name":"Shaded","section":"Shading Mode"},"sceneLighting":false,"audioPlay":false,"sceneViewState":{"showFog":true,"showMaterialUpdate":false,"showSkybox":true,"showFlares":true,"showImageEffects":true,"showParticleSystems":true},"in2DMode":false,"pivot":{"x":1.4999994039535523,"y":1.5,"z":-1.5000007152557374},"rotation":{"x":0.09997083991765976,"y":0.4078124761581421,"z":-0.04489048570394516,"w":0.906465470790863},"size":3.8865764141082765,"orthographic":false}