{"cameraMode":{"drawMode":0,"name":"Shaded","section":"Shading Mode"},"sceneLighting":false,"audioPlay":false,"sceneViewState":{"showFog":true,"showMaterialUpdate":false,"showSkybox":true,"showFlares":true,"showImageEffects":true,"showParticleSystems":true},"in2DMode":false,"pivot":{"x":-0.7500003576278687,"y":3.375,"z":-0.7500002384185791},"rotation":{"x":0.05857476592063904,"y":0.8028485178947449,"z":-0.07999276369810105,"w":0.5878812670707703},"size":1.6125004291534424,"orthographic":false}