{"cameraMode":{"drawMode":0,"name":"Shaded","section":"Shading Mode"},"sceneLighting":false,"audioPlay":false,"sceneViewState":{"showFog":true,"showMaterialUpdate":false,"showSkybox":true,"showFlares":true,"showImageEffects":true,"showParticleSystems":true},"in2DMode":false,"pivot":{"x":-6.08783483505249,"y":3.5090982913970949,"z":-6.134829521179199},"rotation":{"x":-0.004742838442325592,"y":-0.9945690631866455,"z":0.05256987735629082,"w":-0.08970198035240174},"size":2.113298177719116,"orthographic":false}