{"cameraMode":{"drawMode":0,"name":"Shaded","section":"Shading Mode"},"sceneLighting":false,"audioPlay":false,"sceneViewState":{"showFog":true,"showMaterialUpdate":false,"showSkybox":true,"showFlares":true,"showImageEffects":true,"showParticleSystems":true},"in2DMode":false,"pivot":{"x":-21.979999542236329,"y":3.678042411804199,"z":4.039999961853027},"rotation":{"x":0.12005053460597992,"y":0.517693281173706,"z":-0.07364388555288315,"w":0.8438946604728699},"size":21.90201187133789,"orthographic":false}