{"cameraMode":{"drawMode":0,"name":"Shaded","section":"Shading Mode"},"sceneLighting":false,"audioPlay":false,"sceneViewState":{"showFog":true,"showMaterialUpdate":false,"showSkybox":true,"showFlares":true,"showImageEffects":true,"showParticleSystems":true},"in2DMode":false,"pivot":{"x":1.3364235162734986,"y":1.9834837913513184,"z":2.0665032863616945},"rotation":{"x":0.10036563873291016,"y":-0.3685018718242645,"z":0.04014444351196289,"w":0.9233209490776062},"size":3.9947361946105959,"orthographic":false}