{"cameraMode":{"drawMode":0,"name":"Shaded","section":"Shading Mode"},"sceneLighting":false,"audioPlay":false,"sceneViewState":{"showFog":true,"showMaterialUpdate":false,"showSkybox":true,"showFlares":true,"showImageEffects":true,"showParticleSystems":true},"in2DMode":false,"pivot":{"x":10.899090766906739,"y":1.7423704862594605,"z":-0.8510853052139282},"rotation":{"x":-0.14435000717639924,"y":-0.0669805034995079,"z":-0.009794209152460099,"w":0.9872086048126221},"size":0.3678937554359436,"orthographic":false}