{"cameraMode":{"drawMode":0,"name":"Shaded","section":"Shading Mode"},"sceneLighting":false,"audioPlay":false,"sceneViewState":{"showFog":true,"showMaterialUpdate":false,"showSkybox":true,"showFlares":true,"showImageEffects":true,"showParticleSystems":true},"in2DMode":false,"pivot":{"x":-18.5,"y":1.8749995231628419,"z":2.500000476837158},"rotation":{"x":0.0002628169604577124,"y":0.5280104875564575,"z":-0.00016180629609152675,"w":0.849237859249115},"size":8.093836784362793,"orthographic":false}