{"cameraMode":{"drawMode":0,"name":"Shaded","section":"Shading Mode"},"sceneLighting":false,"audioPlay":false,"sceneViewState":{"showFog":true,"showMaterialUpdate":false,"showSkybox":true,"showFlares":true,"showImageEffects":true,"showParticleSystems":true},"in2DMode":false,"pivot":{"x":1.503000020980835,"y":0.5149999856948853,"z":-1.9140000343322755},"rotation":{"x":0.045134250074625018,"y":0.08357173949480057,"z":-0.0037894342094659807,"w":0.9954718947410584},"size":2.700057029724121,"orthographic":false}