{"cameraMode":{"drawMode":0,"name":"Shaded","section":"Shading Mode"},"sceneLighting":false,"audioPlay":false,"sceneViewState":{"showFog":true,"showMaterialUpdate":false,"showSkybox":true,"showFlares":true,"showImageEffects":true,"showParticleSystems":true},"in2DMode":false,"pivot":{"x":31.159908294677736,"y":0.34697866439819338,"z":17.486766815185548},"rotation":{"x":0.15728957951068879,"y":-0.6185203194618225,"z":0.12815891206264497,"w":0.7591232061386108},"size":0.14780214428901673,"orthographic":false}