{"cameraMode":{"drawMode":0,"name":"Shaded","section":"Shading Mode"},"sceneLighting":false,"audioPlay":false,"sceneViewState":{"showFog":true,"showMaterialUpdate":false,"showSkybox":true,"showFlares":true,"showImageEffects":true,"showParticleSystems":true},"in2DMode":false,"pivot":{"x":-24.097639083862306,"y":5.255045413970947,"z":1.1795769929885865},"rotation":{"x":-0.02954213134944439,"y":0.7285906672477722,"z":0.031489528715610507,"w":0.6835871338844299},"size":16.883073806762697,"orthographic":false}