{"cameraMode":{"drawMode":0,"name":"Shaded","section":"Shading Mode"},"sceneLighting":false,"audioPlay":false,"sceneViewState":{"showFog":true,"showMaterialUpdate":false,"showSkybox":true,"showFlares":true,"showImageEffects":true,"showParticleSystems":true},"in2DMode":false,"pivot":{"x":0.6025810241699219,"y":0.3335828185081482,"z":8.512353897094727},"rotation":{"x":0.25222113728523257,"y":0.11411109566688538,"z":-0.02996678091585636,"w":0.9604505300521851},"size":7.375144958496094,"orthographic":false}