{"cameraMode":{"drawMode":0,"name":"Shaded","section":"Shading Mode"},"sceneLighting":false,"audioPlay":false,"sceneViewState":{"showFog":true,"showMaterialUpdate":false,"showSkybox":true,"showFlares":true,"showImageEffects":true,"showParticleSystems":true},"in2DMode":false,"pivot":{"x":2.9385852813720705,"y":22.34247398376465,"z":20.50461769104004},"rotation":{"x":-0.010807269252836705,"y":0.008334728889167309,"z":-0.000101503923360724,"w":-0.9999068975448608},"size":22.0,"orthographic":false}