{"cameraMode":{"drawMode":0,"name":"Shaded","section":"Shading Mode"},"sceneLighting":false,"audioPlay":false,"sceneViewState":{"showFog":true,"showMaterialUpdate":false,"showSkybox":true,"showFlares":true,"showImageEffects":true,"showParticleSystems":true},"in2DMode":false,"pivot":{"x":-1.5000004768371583,"y":0.0000023855827748775484,"z":0.4999997913837433},"rotation":{"x":-0.24182561039924622,"y":-0.7572799324989319,"z":0.449630469083786,"w":-0.40728357434272768},"size":3.056189775466919,"orthographic":false}