{"cameraMode":{"drawMode":0,"name":"Shaded","section":"Shading Mode"},"sceneLighting":false,"audioPlay":false,"sceneViewState":{"showFog":true,"showMaterialUpdate":false,"showSkybox":true,"showFlares":true,"showImageEffects":true,"showParticleSystems":true},"in2DMode":false,"pivot":{"x":-29.5,"y":3.7499990463256838,"z":5.500000953674316},"rotation":{"x":0.020223010331392289,"y":0.8133618831634522,"z":-0.02832266315817833,"w":0.5807163119316101},"size":15.429025650024414,"orthographic":false}