{"cameraMode":{"drawMode":0,"name":"Shaded","section":"Shading Mode"},"sceneLighting":false,"audioPlay":false,"sceneViewState":{"showFog":true,"showMaterialUpdate":false,"showSkybox":true,"showFlares":true,"showImageEffects":true,"showParticleSystems":true},"in2DMode":false,"pivot":{"x":-1.1920928955078126e-7,"y":3.6035513877868654,"z":-6.009999752044678},"rotation":{"x":0.06724391132593155,"y":-0.8001989126205444,"z":-0.09137079119682312,"w":-0.58890700340271},"size":3.0926928520202638,"orthographic":false}