{"cameraMode":{"drawMode":0,"name":"Shaded","section":"Shading Mode"},"sceneLighting":false,"audioPlay":false,"sceneViewState":{"showFog":true,"showMaterialUpdate":false,"showSkybox":true,"showFlares":true,"showImageEffects":true,"showParticleSystems":true},"in2DMode":false,"pivot":{"x":-13.5,"y":3.3749914169311525,"z":-4.500001907348633},"rotation":{"x":-0.017129311338067056,"y":-0.9821562170982361,"z":-0.11214639246463776,"w":0.1499967873096466},"size":3.7835052013397219,"orthographic":false}