{"cameraMode":{"drawMode":0,"name":"Shaded","section":"Shading Mode"},"sceneLighting":false,"audioPlay":false,"sceneViewState":{"showFog":true,"showMaterialUpdate":false,"showSkybox":true,"showFlares":true,"showImageEffects":true,"showParticleSystems":true},"in2DMode":false,"pivot":{"x":-3.0000011920928957,"y":3.374990224838257,"z":-3.000000238418579},"rotation":{"x":-0.08386199921369553,"y":-0.47700920701026919,"z":-0.04578340798616409,"w":0.8736894726753235},"size":8.46988296508789,"orthographic":false}