{"cameraMode":{"drawMode":0,"name":"Shaded","section":"Shading Mode"},"sceneLighting":false,"audioPlay":false,"sceneViewState":{"showFog":true,"showMaterialUpdate":false,"showSkybox":true,"showFlares":true,"showImageEffects":true,"showParticleSystems":true},"in2DMode":false,"pivot":{"x":3.0000014305114748,"y":3.375000238418579,"z":3.000000476837158},"rotation":{"x":-0.04699457064270973,"y":-0.29396525025367739,"z":-0.014469413086771965,"w":0.9545505046844482},"size":6.41109561920166,"orthographic":false}