{"cameraMode":{"drawMode":0,"name":"Shaded","section":"Shading Mode"},"sceneLighting":false,"audioPlay":false,"sceneViewState":{"showFog":true,"showMaterialUpdate":false,"showSkybox":true,"showFlares":true,"showImageEffects":true,"showParticleSystems":true},"in2DMode":false,"pivot":{"x":10.645000457763672,"y":1.3040000200271607,"z":-0.3330000042915344},"rotation":{"x":0.045134250074625018,"y":0.08357173949480057,"z":-0.0037894342094659807,"w":0.9954718947410584},"size":0.11667156219482422,"orthographic":false}