{"cameraMode":{"drawMode":0,"name":"Shaded","section":"Shading Mode"},"sceneLighting":false,"audioPlay":false,"sceneViewState":{"showFog":true,"showMaterialUpdate":false,"showSkybox":true,"showFlares":true,"showImageEffects":true,"showParticleSystems":true},"in2DMode":false,"pivot":{"x":-1.5000003576278687,"y":3.375000476837158,"z":1.500000238418579},"rotation":{"x":0.08928747475147248,"y":-0.6692303419113159,"z":-0.0815081000328064,"w":-0.7331541180610657},"size":2.5159785747528078,"orthographic":false}