{"cameraMode":{"drawMode":0,"name":"Shaded","section":"Shading Mode"},"sceneLighting":false,"audioPlay":false,"sceneViewState":{"showFog":true,"showMaterialUpdate":false,"showSkybox":true,"showFlares":true,"showImageEffects":true,"showParticleSystems":true},"in2DMode":false,"pivot":{"x":-2.690000057220459,"y":1.590000033378601,"z":-0.6620000004768372},"rotation":{"x":0.045134250074625018,"y":0.08357173949480057,"z":-0.0037894342094659807,"w":0.9954718947410584},"size":0.4666903018951416,"orthographic":false}