{"cameraMode":{"drawMode":0,"name":"Shaded","section":"Shading Mode"},"sceneLighting":false,"audioPlay":false,"sceneViewState":{"showFog":true,"showMaterialUpdate":false,"showSkybox":true,"showFlares":true,"showImageEffects":true,"showParticleSystems":true},"in2DMode":false,"pivot":{"x":0.10437667369842529,"y":0.04219766706228256,"z":-0.029733804985880853},"rotation":{"x":-0.010807269252836705,"y":0.008334728889167309,"z":-0.000101503923360724,"w":-0.9999068975448608},"size":0.2857884466648102,"orthographic":false}