{"cameraMode":{"drawMode":0,"name":"Shaded","section":"Shading Mode"},"sceneLighting":false,"audioPlay":false,"sceneViewState":{"showFog":true,"showMaterialUpdate":false,"showSkybox":true,"showFlares":true,"showImageEffects":true,"showParticleSystems":true},"in2DMode":false,"pivot":{"x":-10.500000953674317,"y":1.874999761581421,"z":0.5000002384185791},"rotation":{"x":0.06751906871795654,"y":0.4009557068347931,"z":-0.029648154973983766,"w":0.9131247401237488},"size":7.049603462219238,"orthographic":false}