{"cameraMode":{"drawMode":0,"name":"Shaded","section":"Shading Mode"},"sceneLighting":false,"audioPlay":false,"sceneViewState":{"showFog":true,"showMaterialUpdate":false,"showSkybox":true,"showFlares":true,"showImageEffects":true,"showParticleSystems":true},"in2DMode":false,"pivot":{"x":-1.4943262338638306,"y":1.5002319812774659,"z":1.4908473491668702},"rotation":{"x":0.024067137390375139,"y":0.4733220338821411,"z":-0.012897493317723275,"w":0.8804662227630615},"size":3.4403066635131838,"orthographic":false}