{"cameraMode":{"drawMode":0,"name":"Shaded","section":"Shading Mode"},"sceneLighting":false,"audioPlay":false,"sceneViewState":{"showFog":true,"showMaterialUpdate":false,"showSkybox":true,"showFlares":true,"showImageEffects":true,"showParticleSystems":true},"in2DMode":false,"pivot":{"x":-1.4999995231628419,"y":3.7499990463256838,"z":1.5000009536743165},"rotation":{"x":0.02787463366985321,"y":-0.9374091625213623,"z":-0.077222540974617,"w":-0.3384135067462921},"size":7.0004425048828129,"orthographic":false}