{"cameraMode":{"drawMode":0,"name":"Shaded","section":"Shading Mode"},"sceneLighting":false,"audioPlay":false,"sceneViewState":{"showFog":true,"showMaterialUpdate":false,"showSkybox":true,"showFlares":true,"showImageEffects":true,"showParticleSystems":true},"in2DMode":false,"pivot":{"x":0.0,"y":0.4009999930858612,"z":0.05000000074505806},"rotation":{"x":0.045134250074625018,"y":0.08357173949480057,"z":-0.0037894342094659807,"w":0.9954718947410584},"size":0.16500000655651093,"orthographic":false}