{"cameraMode":{"drawMode":0,"name":"Shaded","section":"Shading Mode"},"sceneLighting":false,"audioPlay":false,"sceneViewState":{"showFog":true,"showMaterialUpdate":false,"showSkybox":true,"showFlares":true,"showImageEffects":true,"showParticleSystems":true},"in2DMode":false,"pivot":{"x":-0.7383363842964172,"y":1.5002321004867554,"z":0.7438898682594299},"rotation":{"x":0.030590536072850229,"y":-0.8897193074226379,"z":0.060456953942775729,"w":0.4514519274234772},"size":3.7533252239227297,"orthographic":false}